{"cameraMode":{"drawMode":0,"name":"Shaded","section":"Shading Mode"},"sceneLighting":false,"audioPlay":false,"sceneViewState":{"showFog":true,"showMaterialUpdate":false,"showSkybox":true,"showFlares":true,"showImageEffects":true,"showParticleSystems":true},"in2DMode":false,"pivot":{"x":10.278525352478028,"y":2.355290174484253,"z":-18.123735427856447},"rotation":{"x":-0.12990359961986543,"y":0.14548034965991975,"z":-0.01924404315650463,"w":-0.9806487560272217},"size":2.8578836917877199,"orthographic":false}