{"cameraMode":{"drawMode":0,"name":"Shaded","section":"Shading Mode"},"sceneLighting":true,"audioPlay":false,"sceneViewState":{"showFog":true,"showMaterialUpdate":false,"showSkybox":true,"showFlares":true,"showImageEffects":true,"showParticleSystems":true},"in2DMode":false,"pivot":{"x":42.59393310546875,"y":-5.966644287109375,"z":-9.274837493896485},"rotation":{"x":0.37172290682792666,"y":-0.11566711962223053,"z":0.0467318631708622,"w":0.9199820756912231},"size":52.553367614746097,"orthographic":false}