{"cameraMode":{"drawMode":0,"name":"Shaded","section":"Shading Mode"},"sceneLighting":false,"audioPlay":false,"sceneViewState":{"showFog":true,"showMaterialUpdate":false,"showSkybox":true,"showFlares":true,"showImageEffects":true,"showParticleSystems":true},"in2DMode":false,"pivot":{"x":2.88381028175354,"y":1.6528596878051758,"z":3.1850366592407228},"rotation":{"x":-0.19914495944976808,"y":-0.6754950881004334,"z":0.19723977148532868,"w":-0.6820042729377747},"size":2.8578836917877199,"orthographic":false}